{
    "a_mAP": 0.5059582710296419,
    "a_mAP_per_class": {
        "Penalty": 0.6663558067597697,
        "Kick-off": 0.6001316479181519,
        "Goal": 0.7024751610387098,
        "Substitution": 0.6991496093408275,
        "Offside": 0.35276421837400324,
        "Shots on target": 0.3727376792966561,
        "Shots off target": 0.38806684675660114,
        "Clearance": 0.5571445456555814,
        "Ball out of play": 0.6855115324822664,
        "Throw-in": 0.6520741695901159,
        "Foul": 0.6223916848025267,
        "Indirect free-kick": 0.43400065945737154,
        "Direct free-kick": 0.5551923321515961,
        "Corner": 0.7887858423356042,
        "Yellow card": 0.4943184596470538,
        "Red card": 0.011774446223699876,
        "Yellow->red card": 0.018415965673373783
    },
    "a_mAP_visible": 0.5561080469038946,
    "a_mAP_per_class_visible": {
        "Penalty": 0.7694964389088143,
        "Kick-off": 0.6944906072431387,
        "Goal": 0.7132364389367609,
        "Substitution": 0.7731078807032783,
        "Offside": 0.38550013164559843,
        "Shots on target": 0.3749310006940844,
        "Shots off target": 0.39038288355238093,
        "Clearance": 0.6648161879332823,
        "Ball out of play": 0.6893655714409462,
        "Throw-in": 0.680677922820589,
        "Foul": 0.6272949481295886,
        "Indirect free-kick": 0.40232236524623777,
        "Direct free-kick": 0.6419190317831602,
        "Corner": 0.7979656471236314,
        "Yellow card": 0.5426771468851649,
        "Red card": 0.1720716230520115,
        "Yellow->red card": 0.13358097126753843
    },
    "a_mAP_unshown": 0.37121895291379725,
    "a_mAP_per_class_unshown": {
        "Penalty": 0.0,
        "Kick-off": 0.5554830290006891,
        "Goal": 0.0,
        "Substitution": 0.2961182817249441,
        "Offside": 0.09855349432906836,
        "Shots on target": 0.035434995112414464,
        "Shots off target": 0.5502848212059529,
        "Clearance": 0.424771135558843,
        "Ball out of play": 0.6233607231932827,
        "Throw-in": 0.5848199619999669,
        "Foul": 0.3533723000780826,
        "Indirect free-kick": 0.4789564621678691,
        "Direct free-kick": 0.030679298617410346,
        "Corner": 0.7431056296916269,
        "Yellow card": 0.0509062551992141,
        "Red card": 0.0,
        "Yellow->red card": 0.0
    }
}